Sample Num:,H applied(Oe),H GaussMeter (Oe),Mx (emu),M_X Corrected (emu),Xsi_x,My (emu),Sqrt(mx^2+my^2),Mag Current (A),Set Current (A),Mag Voltage (mV),Mag Coil-1 Temp (°C),Mag Coil-2 Temp (°C),Position (mm),s,time (s),Water Flow (L/min),Avg.Time(s/pnt):1.000000,Coil-Set #:30,Sample:tape_casette_0.2x0.2mm,Time Constant:1 s,Senstivity:5 uv,CoilConstant (mV/emu):30.740000,Version:v2.6.6,MPS Version: 3.5.5,VSM Version: 2.1.2
0,-33.205727,-83.31695,6.61E-06,-1.14E-06,3.00E-09,-1.08E-07,0.00000661,-0.048923,-0.028602,-54.329441,16.71875,17.125,15.898684,0,0.589666,1,,,,,,,,,
1,-13.205727,-3.774041,7.87E-06,-1.19E-07,offset,-2.75E-08,0.00000787,0.009727,-0.011378,-0.006769,16.71875,17.0625,15.892105,0,113.127478,1,,,,,,,,,
2,6.794273,-2.229792,8.07E-06,7.67E-08,8.00E-06,-1.04E-07,0.00000807,0.013904,0.005851,-0.040615,16.71875,17.0625,15.897368,0,225.682373,1,,,,,,,,,
3,26.794273,83.873187,8.25E-06,-1.62E-09,,4.70E-07,0.00000827,0.053215,0.023088,60.631548,16.6875,17.0625,15.9,0,368.18597,1,,,,,,,,,
4,46.794273,46.188624,8.75E-06,6.11E-07,,-1.76E-06,0.00000893,0.021171,0.040242,32.241606,16.71875,17.125,15.901316,0,413.888619,0,,,,,,,,,
5,66.794273,67.816261,7.57E-06,-6.33E-07,,-1.59E-06,0.00000774,0.043315,0.057188,44.297516,16.71875,17.0625,15.896053,0,469.145786,1,,,,,,,,,
6,86.794273,86.990562,7.40E-06,-8.61E-07,,1.03E-06,0.00000747,0.053844,0.073796,56.603886,16.75,17.0625,15.896053,0,514.914032,1,,,,,,,,,
7,106.794273,105.462825,8.05E-06,-2.66E-07,,-5.38E-07,0.00000807,0.067577,0.089939,69.079485,16.71875,17.125,15.889474,0,560.664903,1,,,,,,,,,
8,126.794273,126.045707,1.06E-05,2.22E-06,,-1.81E-06,0.00001073,0.083713,0.105514,81.494162,16.6875,17.0625,15.905263,0,606.400298,1,,,,,,,,,
9,146.794273,146.578152,8.84E-06,4.00E-07,,-7.86E-07,0.00000888,0.096931,0.120728,98.017731,16.71875,17.0625,15.897368,0,652.120264,1,,,,,,,,,
10,166.794273,164.802498,8.46E-06,-3.44E-08,,3.79E-08,0.00000846,0.114612,0.135672,110.615175,16.6875,17.125,15.903947,0,697.851805,1,,,,,,,,,
11,186.794273,188.595808,8.43E-06,-1.36E-07,,-8.99E-08,0.00000844,0.131206,0.150364,130.882101,16.71875,17.0625,15.9,0,734.036707,1,,,,,,,,,
12,206.794273,206.627289,6.54E-06,-2.08E-06,,1.63E-05,0.00001761,0.145053,0.164824,139.289423,16.75,17.0625,15.894737,0,779.804173,1,,,,,,,,,
13,226.794273,225.952572,1.05E-05,1.82E-06,,5.11E-08,0.00001046,0.156383,0.179071,143.466007,16.6875,17.0625,15.910526,0,825.507952,1,,,,,,,,,
14,246.794273,245.883684,1.05E-05,1.76E-06,,-1.02E-07,0.00001046,0.169773,0.193125,153.998852,16.6875,17.0625,15.905263,0,871.206637,1,,,,,,,,,
15,266.794273,268.918491,1.00E-05,1.19E-06,,3.42E-07,0.00001003,0.186424,0.207003,173.947626,16.65625,17.125,15.901316,0,907.408947,1,,,,,,,,,
16,286.794273,285.412716,1.10E-05,2.14E-06,,1.00E-07,0.00001103,0.198783,0.220725,180.506962,16.71875,17.125,15.905263,0,953.176387,1,,,,,,,,,
17,306.794273,305.753704,1.02E-05,1.28E-06,,1.81E-06,0.00001041,0.214347,0.234311,195.060699,16.6875,17.0625,15.893421,0,998.911946,1,,,,,,,,,
18,326.794273,325.340866,1.04E-05,1.42E-06,,-1.89E-09,0.00001044,0.230541,0.247779,213.080257,16.71875,17.0625,15.896053,0,1044.647455,1,,,,,,,,,
19,346.794273,346.345722,1.17E-05,2.66E-06,,4.92E-08,0.00001172,0.240554,0.261148,238.864065,16.71875,17.0625,15.902632,0,1090.383727,1,,,,,,,,,
20,366.794273,368.185513,1.11E-05,2.00E-06,,-2.02E-06,0.00001129,0.260524,0.274438,236.806234,16.6875,17.125,15.906579,0,1126.533024,1,,,,,,,,,
21,386.794273,387.584541,1.30E-05,3.84E-06,,-4.25E-07,0.00001305,0.272884,0.287667,253.512571,16.71875,17.0625,15.911842,0,1162.714909,1,,,,,,,,,
22,406.794273,407.408913,1.13E-05,2.08E-06,,2.52E-07,0.00001127,0.287818,0.300855,264.42449,16.6875,17.0625,15.896053,0,1198.928845,1,,,,,,,,,
23,426.794273,427.557438,1.34E-05,4.12E-06,,-6.59E-07,0.0000134,0.301952,0.314021,279.235456,16.65625,17.125,15.890789,0,1235.126612,1,,,,,,,,,
24,446.794273,446.451187,1.22E-05,2.86E-06,,-2.69E-07,0.00001224,0.313682,0.327184,295.650719,16.6875,17.0625,15.905263,0,1271.308493,1,,,,,,,,,
25,466.794273,468.143532,1.18E-05,2.40E-06,,-1.16E-06,0.00001188,0.331306,0.340363,297.031631,16.65625,17.125,15.901316,0,1307.491142,0,,,,,,,,,
26,516.794273,516.023331,1.31E-05,3.55E-06,,-9.36E-07,0.0000131,0.364494,0.373504,333.3009,16.65625,17.0625,15.903947,0,1343.688453,1,,,,,,,,,
27,566.794273,567.852447,1.45E-05,4.80E-06,,-3.88E-07,0.00001451,0.401229,0.407163,352.660755,16.65625,17,15.907895,0,1379.870186,1,,,,,,,,,
28,616.794273,615.298195,1.29E-05,3.05E-06,,-1.32E-06,0.00001292,0.434932,0.441637,388.869101,16.625,17.0625,15.898684,0,1406.498947,1,,,,,,,,,
29,666.794273,667.477997,1.28E-05,2.80E-06,,-2.41E-06,0.00001303,0.470809,0.477225,420.264559,16.65625,17.0625,15.902632,0,1442.69615,1,,,,,,,,,
30,716.794273,718.011818,1.47E-05,4.55E-06,,-8.28E-07,0.00001472,0.504283,0.514221,451.619402,16.65625,17.0625,15.905263,0,1478.894285,1,,,,,,,,,
31,766.794273,768.6875,1.51E-05,4.79E-06,,3.01E-06,0.00001541,0.539245,0.552701,478.479509,16.65625,17,15.894737,0,1515.061005,1,,,,,,,,,
32,816.794273,818.554665,1.62E-05,5.74E-06,,-1.30E-06,0.00001621,0.573863,0.592423,510.754961,16.65625,17.0625,15.892105,0,1551.242247,1,,,,,,,,,
33,866.794273,866.268974,1.67E-05,6.10E-06,,6.16E-07,0.00001675,0.604133,0.633116,537.452608,16.59375,17,15.901316,0,1596.993641,1,,,,,,,,,
34,916.794273,918.295776,1.43E-05,3.55E-06,,4.53E-07,0.0000143,0.64001,0.674511,566.025318,16.65625,17.0625,15.892105,0,1652.298196,0,,,,,,,,,
35,966.794273,967.586067,1.55E-05,4.60E-06,,-2.03E-06,0.00001568,0.673198,0.716338,596.723551,16.625,17.0625,15.897368,0,1698.018475,1,,,,,,,,,
36,1066.794273,1067.906387,1.84E-05,7.20E-06,,1.59E-06,0.00001846,0.740375,0.800207,650.761917,16.625,17.0625,15.9,0,1753.339096,1,,,,,,,,,
37,1166.794273,1168.137115,1.59E-05,4.40E-06,,3.97E-07,0.00001594,0.806808,0.882566,711.034698,16.625,17.0625,15.903947,0,1808.660108,1,,,,,,,,,
38,1266.794273,1265.017212,1.65E-05,4.70E-06,,5.31E-07,0.00001653,0.872211,0.961257,769.168419,16.65625,17.0625,15.896053,0,1854.347389,0,,,,,,,,,
39,1366.794273,1367.990219,1.60E-05,3.90E-06,,1.09E-06,0.00001605,0.941848,1.034554,828.419054,16.625,17,15.898684,0,1909.636232,1,,,,,,,,,
40,1466.794273,1467.802383,1.78E-05,5.40E-06,,-1.18E-06,0.00001786,1.004619,1.104169,884.068485,16.65625,17.0625,15.905263,0,1964.941508,1,,,,,,,,,
41,1566.794273,1566.905151,2.02E-05,7.50E-06,,-4.64E-07,0.00002024,1.071739,1.171224,948.301237,16.6875,17.0625,15.896053,0,2020.214134,1,,,,,,,,,
42,1666.794273,1667.913696,2.01E-05,7.10E-06,,-3.86E-07,0.00002011,1.13903,1.236463,1003.761131,16.65625,17.0625,15.902632,0,2075.487268,1,,,,,,,,,
43,1766.794273,1768.364075,1.94E-05,6.09E-06,,1.14E-07,0.00001942,1.205577,1.300631,1065.089905,16.6875,17.0625,15.905263,0,2130.761127,1,,,,,,,,,
44,1866.794273,1868.031143,2.15E-05,7.90E-06,,-1.28E-07,0.00002153,1.271781,1.364473,1117.578129,16.65625,17,15.892105,0,2186.048901,1,,,,,,,,,
45,1966.794273,1966.950058,2.02E-05,6.30E-06,,-1.33E-07,0.00002018,1.338043,1.428733,1173.186945,16.65625,17.0625,15.903947,0,2241.370642,1,,,,,,,,,
46,2216.794273,2216.847779,1.93E-05,4.65E-06,,7.91E-07,0.00001928,1.502895,1.594062,1327.957483,16.65625,17.0625,15.898684,0,2296.702865,1,,,,,,,,,
47,2466.794273,2468.321411,2.48E-05,9.40E-06,,-1.24E-06,0.00002483,1.667232,1.761391,1466.001377,16.65625,17.0625,15.903947,0,2351.997466,1,,,,,,,,,
48,2716.794273,2717.407898,2.20E-05,5.85E-06,,2.27E-06,0.00002213,1.829452,1.928549,1609.162771,16.65625,17.0625,15.901316,0,2407.285801,1,,,,,,,,,
49,2966.794273,2966.342499,2.37E-05,6.80E-06,,2.71E-06,0.00002388,1.99213,2.094378,1741.459631,16.65625,17,15.897368,0,2462.543299,1,,,,,,,,,
50,3216.794273,3216.701874,2.57E-05,8.05E-06,,8.16E-07,0.00002575,2.157096,2.259209,1894.916948,16.6875,17.0625,15.898684,0,2517.86388,1,,,,,,,,,
51,3466.794273,3467.397095,2.64E-05,8.00E-06,,-3.30E-06,0.00002659,2.317256,2.423533,2024.465521,16.6875,17,15.897368,0,2573.184903,1,,,,,,,,,
52,3716.794273,3718.388733,2.44E-05,5.24E-06,,-7.14E-07,0.00002445,2.479591,2.58742,2175.452087,16.65625,17,15.901316,0,2628.490117,1,,,,,,,,,
53,3966.794273,3968.406525,2.64E-05,6.49E-06,,-5.40E-08,0.00002637,2.640838,2.750188,2317.970409,16.65625,17.0625,15.910526,0,2683.795644,1,,,,,,,,,
54,4466.794273,4469.261475,2.94E-05,7.99E-06,,-1.42E-06,0.0000294,2.962932,3.080726,2597.720324,16.6875,17.0625,15.907895,0,2739.1423,1,,,,,,,,,
55,4966.794273,4968.3078,2.84E-05,5.50E-06,,-1.93E-06,0.00002845,3.285598,3.423167,2869.909063,16.6875,17,15.888158,0,2794.46951,1,,,,,,,,,
56,5966.794273,5970.752442,3.37E-05,7.79E-06,,5.02E-08,0.00003368,3.919486,4.106504,3434.573776,16.6875,17.0625,15.907895,0,2849.775044,1,,,,,,,,,
57,5966.794273,5966.023987,3.06E-05,4.70E-06,,-5.28E-07,0.00003058,3.913364,4.106504,3412.012098,16.65625,17.0625,15.886842,-1,2914.64899,1,,,,,,,,,
58,4966.794273,4965.646118,3.13E-05,8.40E-06,,-5.79E-07,0.00003135,3.204059,3.423167,2810.759966,16.6875,17.0625,15.903947,-1,2979.476248,1,,,,,,,,,
59,4466.794273,4465.392761,2.50E-05,3.60E-06,,2.44E-06,0.00002513,2.857532,3.080726,2503.269951,16.6875,17.0625,15.902632,-1,3044.350078,1,,,,,,,,,
60,3966.794273,3965.360962,2.58E-05,5.90E-06,,2.70E-06,0.00002591,2.518386,2.750188,2203.632185,16.6875,17.0625,15.902632,-1,3109.161358,1,,,,,,,,,
61,3716.794273,3717.129242,2.99E-05,1.07E-05,,2.30E-06,0.00002999,2.351131,2.58742,2056.260361,16.6875,17.125,15.882895,-1,3174.019849,1,,,,,,,,,
62,3466.794273,3465.850983,2.33E-05,4.90E-06,,3.41E-06,0.00002354,2.183246,2.423533,1918.934,16.71875,17.125,15.914474,-1,3238.877612,1,,,,,,,,,
63,3216.794273,3218.695709,2.55E-05,7.84E-06,,1.16E-06,0.00002555,2.01456,2.259209,1770.269262,16.71875,17.125,15.905263,-1,3313.209911,1,,,,,,,,,
64,2966.794273,2966.786072,2.41E-05,7.20E-06,,1.49E-06,0.0000241,1.845645,2.094378,1613.860582,16.6875,17.0625,15.890789,-1,3378.068464,1,,,,,,,,,
65,2716.794273,2716.017761,2.24E-05,6.25E-06,,1.20E-06,0.00002241,1.677303,1.928549,1477.380369,16.71875,17.125,15.907895,-1,3442.926858,1,,,,,,,,,
66,2466.794273,2465.972931,2.20E-05,6.60E-06,,-8.09E-07,0.00002203,1.512279,1.761391,1327.679947,16.6875,17.0625,15.9,-1,3507.753748,1,,,,,,,,,
67,2216.794273,2216.357056,2.16E-05,6.95E-06,,7.87E-07,0.00002162,1.345081,1.594062,1180.876734,16.75,17.0625,15.897368,-1,3572.595097,1,,,,,,,,,
68,1966.794273,1965.789749,2.14E-05,7.50E-06,,2.68E-07,0.00002137,1.183032,1.428733,1033.044605,16.71875,17.0625,15.903947,-1,3637.42234,1,,,,,,,,,
69,1866.794273,1865.921493,2.10E-05,7.40E-06,,2.78E-07,0.00002103,1.113338,1.364473,981.564989,16.71875,17.0625,15.897368,-1,3702.297434,1,,,,,,,,,
70,1766.794273,1766.181625,2.05E-05,7.20E-06,,6.71E-07,0.00002053,1.047019,1.300631,921.407284,16.71875,17.0625,15.901316,-1,3767.139722,1,,,,,,,,,
71,1666.794273,1665.302383,1.88E-05,5.80E-06,,2.06E-06,0.0000189,0.980873,1.236463,872.127651,16.71875,17.125,15.903947,-1,3832.015125,1,,,,,,,,,
72,1566.794273,1566.080582,1.90E-05,6.30E-06,,-4.56E-07,0.00001902,0.916557,1.171224,804.496771,16.6875,17.125,15.906579,-1,3896.809544,1,,,,,,,,,
73,1466.794273,1464.434677,1.78E-05,5.41E-06,,1.11E-06,0.00001787,0.850067,1.104169,754.580835,16.6875,17,15.892105,-1,3961.668639,0,,,,,,,,,
74,1366.794273,1365.839844,2.24E-05,1.03E-05,,1.76E-06,0.00002245,0.779857,1.034554,691.424383,16.71875,17.0625,15.913158,-1,4026.478975,1,,,,,,,,,
75,1266.794273,1265.101563,1.68E-05,5.00E-06,,-4.41E-07,0.0000168,0.717601,0.961257,637.717707,16.71875,17.0625,15.905263,-1,4091.305782,1,,,,,,,,,
76,1166.794273,1166.366165,1.65E-05,5.00E-06,,1.94E-06,0.00001666,0.653514,0.882566,577.316311,16.6875,17,15.901316,-1,4156.164411,1,,,,,,,,,
77,1066.794273,1065.476105,1.62E-05,5.00E-06,,-1.87E-06,0.00001628,0.583076,0.800207,519.575203,16.71875,17.0625,15.903947,-1,4221.038738,1,,,,,,,,,
78,966.794273,968.704307,1.61E-05,5.19E-06,,-2.21E-06,0.00001627,0.518302,0.716338,463.438391,16.65625,17.0625,15.903947,-1,4276.311907,1,,,,,,,,,
79,916.794273,916.057533,1.40E-05,3.25E-06,,-4.38E-07,0.00001403,0.4846,0.674511,430.919249,16.71875,17,15.906579,-1,4341.074317,1,,,,,,,,,
80,866.794273,864.834465,1.75E-05,6.91E-06,,-3.62E-07,0.00001753,0.449466,0.633116,407.802498,16.71875,17,15.906579,-1,4405.932513,1,,,,,,,,,
81,816.794273,819.117363,1.70E-05,6.54E-06,,1.23E-08,0.00001697,0.420455,0.592423,380.130089,16.6875,17,15.893421,-1,4461.253339,1,,,,,,,,,
82,766.794273,767.280335,1.67E-05,6.40E-06,,-4.22E-07,0.0000167,0.386123,0.552701,349.641701,16.6875,17.0625,15.901316,-1,4526.048061,1,,,,,,,,,
83,716.794273,718.324058,1.52E-05,5.05E-06,,-4.54E-08,0.00001523,0.353279,0.514221,320.669609,16.71875,17,15.894737,-1,4581.256382,1,,,,,,,,,
84,666.794273,666.023819,1.62E-05,6.20E-06,,5.37E-07,0.00001616,0.321235,0.477225,298.561466,16.6875,17,15.894737,-1,4646.05085,1,,,,,,,,,
85,616.794273,619.165001,1.42E-05,4.34E-06,,1.00E-07,0.00001419,0.290393,0.441637,263.131577,16.65625,17,15.894737,-1,4701.37269,1,,,,,,,,,
86,566.794273,565.403954,1.48E-05,5.10E-06,,0.00E+00,0.00001482,0.253944,0.407163,232.88011,16.6875,17,15.896053,-1,4766.222465,1,,,,,,,,,
87,516.794273,518.009743,1.40E-05,4.45E-06,,-2.84E-08,0.00001397,0.221157,0.373504,190.247812,16.6875,17,15.902632,-1,4821.455784,1,,,,,,,,,
88,466.794273,465.013325,1.38E-05,4.40E-06,,-6.15E-08,0.00001384,0.188999,0.340363,166.907679,16.625,17,15.907895,-1,4886.250061,1,,,,,,,,,
89,446.794273,444.70285,1.49E-05,5.57E-06,,1.74E-07,0.00001489,0.176696,0.327184,158.364973,16.65625,17,15.896053,-1,4951.108729,1,,,,,,,,,
90,426.794273,425.544376,1.36E-05,4.32E-06,,5.60E-07,0.00001358,0.161018,0.314021,148.454893,16.6875,17,15.901316,-1,5015.951379,1,,,,,,,,,
91,406.794273,406.467918,1.27E-05,3.48E-06,,1.80E-07,0.00001268,0.150775,0.300855,141.990326,16.65625,17,15.893421,-1,5080.745644,1,,,,,,,,,
92,386.794273,385.359722,1.31E-05,3.94E-06,,-1.48E-06,0.00001321,0.136127,0.287667,131.748556,16.6875,17,15.898684,-1,5145.556362,1,,,,,,,,,
93,366.794273,368.584988,1.27E-05,3.59E-06,,-2.94E-07,0.00001274,0.122394,0.274438,126.258751,16.6875,17,15.902632,-1,5200.845079,1,,,,,,,,,
94,346.794273,347.226711,1.34E-05,4.36E-06,,-2.86E-07,0.0000134,0.111408,0.261148,96.074976,16.65625,16.9375,15.902632,-1,5256.134976,1,,,,,,,,,
95,326.794273,328.245563,1.41E-05,5.12E-06,,1.52E-06,0.00001421,0.097389,0.247779,91.8307,16.6875,17,15.913158,-1,5311.424062,1,,,,,,,,,
96,306.794273,306.338307,1.34E-05,4.48E-06,,-5.77E-07,0.00001343,0.082912,0.234311,81.000011,16.65625,17,15.886842,-1,5376.26717,1,,,,,,,,,
97,286.794273,288.627136,1.27E-05,3.83E-06,,1.21E-06,0.00001275,0.072383,0.220725,75.225901,16.65625,17,15.902632,-1,5431.572114,1,,,,,,,,,
98,266.794273,268.377007,1.24E-05,3.59E-06,,-8.73E-07,0.00001242,0.060081,0.207003,62.59461,16.65625,17,15.894737,-1,5486.845618,1,,,,,,,,,
99,246.794273,245.459681,1.10E-05,2.26E-06,,5.45E-07,0.00001098,0.043601,0.193125,46.734421,16.65625,17,15.903947,-1,5551.671233,1,,,,,,,,,
100,226.794273,228.358282,1.16E-05,2.91E-06,,-2.03E-07,0.00001164,0.031986,0.179071,40.459391,16.6875,17,15.9,-1,5616.497826,1,,,,,,,,,
101,206.794273,208.743538,1.19E-05,3.27E-06,,-1.30E-06,0.00001198,0.024375,0.164824,34.705587,16.6875,17.0625,15.9,-1,5681.324629,1,,,,,,,,,
102,186.794273,185.642754,1.20E-05,3.44E-06,,-2.24E-07,0.00001202,0.006122,0.150364,17.09218,16.65625,17,15.893421,-1,5736.628633,1,,,,,,,,,
103,166.794273,157.090896,1.21E-05,3.63E-06,,0.00E+00,0.00001211,-0.020713,0.135672,0.074461,16.65625,17,15.898684,-1,5849.295288,1,,,,,,,,,
104,146.794273,102.433044,1.02E-05,1.89E-06,,8.98E-07,0.00001022,-0.027751,0.120728,-40.154778,16.65625,17,15.901316,-1,5934.613771,1,,,,,,,,,
105,126.794273,147.744346,1.20E-05,3.56E-06,,-2.52E-09,0.00001204,-0.017852,0.105514,0.094769,16.65625,17,15.889474,-1,6077.999407,1,,,,,,,,,
106,106.794273,106.830536,1.19E-05,3.58E-06,,6.63E-08,0.00001185,-0.019741,0.089939,-29.818239,16.625,17,15.897368,-1,6184.141903,1,,,,,,,,,
107,86.794273,85.384672,1.05E-05,2.24E-06,,-1.76E-07,0.00001051,-0.033702,0.073796,-38.618174,16.65625,17,15.890789,-1,6249.881418,1,,,,,,,,,
108,66.794273,66.823635,1.12E-05,3.00E-06,,8.94E-07,0.00001126,-0.046234,0.057188,-49.651937,16.6875,17,15.901316,-1,6315.619867,1,,,,,,,,,
109,46.794273,48.53669,1.10E-05,2.85E-06,,-2.08E-08,0.00001098,-0.058021,0.040242,-60.875238,16.625,17,15.907895,-1,6371.771125,1,,,,,,,,,
110,26.794273,26.572473,1.01E-05,2.02E-06,,4.65E-07,0.00001011,-0.076503,0.023088,-79.131718,16.65625,17,15.903947,-1,6418.388742,1,,,,,,,,,
111,6.794273,8.493984,1.08E-05,2.77E-06,,-1.89E-08,0.00001084,-0.088119,0.005851,-90.612247,16.65625,17,15.889474,-1,6474.55747,1,,,,,,,,,
112,-13.205727,-15.113051,1.06E-05,2.65E-06,,0.00E+00,0.00001056,-0.105743,-0.011378,-107.034279,16.625,17,15.897368,-1,6520.265488,1,,,,,,,,,
113,-33.205727,-35.199798,1.01E-05,2.21E-06,,0.00E+00,0.00001011,-0.119876,-0.028602,-111.759167,16.65625,17,15.893421,-1,6565.950143,1,,,,,,,,,
114,-53.205727,-52.55026,8.59E-06,7.48E-07,,0.00E+00,0.00000859,-0.13029,-0.045704,-125.182451,16.625,17,15.907895,-1,6621.277031,1,,,,,,,,,
115,-73.205727,-72.832496,9.64E-06,1.86E-06,,0.00E+00,0.00000964,-0.143508,-0.062555,-124.045229,16.65625,17,15.896053,-1,6676.575032,1,,,,,,,,,
116,-93.205727,-93.021417,1.00E-05,2.28E-06,,4.07E-08,0.00001001,-0.156669,-0.079028,-154.405003,16.625,16.9375,15.894737,-1,6731.851951,1,,,,,,,,,
117,-113.205727,-112.430407,9.68E-06,2.02E-06,,1.89E-09,0.00000968,-0.170917,-0.094995,-153.917622,16.59375,17,15.903947,-1,6787.149741,1,,,,,,,,,
118,-133.205727,-132.940893,9.35E-06,1.75E-06,,1.44E-06,0.00000946,-0.182247,-0.110422,-169.730427,16.625,17,15.917105,-1,6842.408363,1,,,,,,,,,
119,-153.205727,-155.226439,9.64E-06,2.11E-06,,-2.27E-08,0.00000964,-0.199413,-0.125547,-190.423811,16.65625,17,15.896053,-1,6888.158973,1,,,,,,,,,
120,-173.205727,-175.236021,8.11E-06,6.36E-07,,0.00E+00,0.00000811,-0.213317,-0.140408,-192.061953,16.625,17,15.909211,-1,6933.852388,1,,,,,,,,,
121,-193.205727,-194.961299,8.14E-06,7.25E-07,,0.00E+00,0.00000814,-0.226936,-0.155024,-202.811411,16.625,17,15.909211,-1,6979.577874,1,,,,,,,,,
122,-213.205727,-212.729736,6.38E-06,-9.82E-07,,0.00E+00,0.00000638,-0.236434,-0.169414,-209.729513,16.625,17,15.901316,-1,7034.904171,1,,,,,,,,,
123,-233.205727,-231.844871,7.09E-06,-2.14E-07,,0.00E+00,0.00000709,-0.249252,-0.183597,-218.502371,16.625,17,15.907895,-1,7090.24305,1,,,,,,,,,
124,-253.205727,-255.056967,6.40E-06,-8.35E-07,,2.22E-07,0.0000064,-0.263729,-0.197592,-243.602491,16.625,17.0625,15.9,-1,7135.974786,1,,,,,,,,,
125,-273.205727,-274.986593,6.76E-06,-4.15E-07,,0.00E+00,0.00000676,-0.276145,-0.211418,-252.151966,16.625,17,15.906579,-1,7181.741538,0,,,,,,,,,
126,-293.205727,-291.114479,7.17E-06,4.33E-08,,-1.89E-09,0.00000717,-0.287017,-0.225094,-265.967863,16.625,17.0625,15.901316,-1,7237.017338,1,,,,,,,,,
127,-313.205727,-314.562202,6.09E-06,-9.66E-07,,-1.04E-07,0.00000609,-0.301494,-0.23864,-264.065723,16.65625,16.9375,15.894737,-1,7282.73501,1,,,,,,,,,
128,-333.205727,-331.023823,6.06E-06,-9.47E-07,,-1.16E-06,0.00000617,-0.313682,-0.252074,-277.989927,16.65625,16.9375,15.9,-1,7338.03933,1,,,,,,,,,
129,-353.205727,-354.672177,6.28E-06,-6.56E-07,,-1.76E-07,0.00000629,-0.32999,-0.265416,-292.624895,16.65625,17,15.903947,-1,7402.913595,1,,,,,,,,,
130,-373.205727,-375.236227,5.94E-06,-9.34E-07,,0.00E+00,0.00000594,-0.344181,-0.278684,-306.007565,16.625,17,15.9,-1,7448.688822,1,,,,,,,,,
131,-393.205727,-392.947872,5.33E-06,-1.49E-06,,-6.44E-08,0.00000533,-0.354423,-0.291898,-323.55328,16.625,17,15.890789,-1,7503.954424,1,,,,,,,,,
132,-413.205727,-412.138504,6.05E-06,-7.14E-07,,-5.49E-08,0.00000605,-0.366954,-0.305077,-326.28126,16.6875,17,15.897368,-1,7559.242548,1,,,,,,,,,
133,-433.205727,-435.110264,4.57E-06,-2.12E-06,,-9.32E-07,0.00000466,-0.381259,-0.31824,-337.524868,16.65625,16.9375,15.907895,-1,7604.961785,1,,,,,,,,,
134,-453.205727,-455.129082,4.04E-06,-2.59E-06,,-9.56E-08,0.00000404,-0.395107,-0.331406,-356.180729,16.59375,17,15.905263,-1,7650.712783,1,,,,,,,,,
135,-473.205727,-473.98217,4.04E-06,-2.54E-06,,4.85E-07,0.00000407,-0.405807,-0.344594,-366.781265,16.65625,17,15.906579,-1,7696.480484,1,,,,,,,,,
136,-493.205727,-491.644481,4.89E-06,-1.64E-06,,4.68E-07,0.00000491,-0.41851,-0.357823,-379.595324,16.65625,17,15.903947,-1,7751.773256,1,,,,,,,,,
137,-513.205727,-512.128456,2.35E-06,-4.11E-06,,-1.37E-06,0.00000272,-0.431442,-0.371112,-386.323889,16.6875,16.9375,15.906579,-1,7807.080357,1,,,,,,,,,
138,-533.205727,-534.244446,2.10E-06,-4.30E-06,,-4.72E-07,0.00000215,-0.447292,-0.38448,-401.59516,16.65625,17,15.905263,-1,7852.873319,1,,,,,,,,,
139,-583.205727,-585.146469,2.00E-06,-4.24E-06,,8.52E-09,0.000002,-0.480022,-0.418374,-428.211576,16.65625,17,15.905263,-1,7898.640138,1,,,,,,,,,
140,-633.205727,-631.557289,2.03E-06,-4.08E-06,,-2.83E-07,0.00000205,-0.509548,-0.453181,-460.520874,16.65625,17,15.902632,-1,7953.945266,1,,,,,,,,,
141,-683.205727,-684.839493,2.03E-06,-3.92E-06,,-1.51E-08,0.00000203,-0.545482,-0.489199,-485.993299,16.65625,16.9375,15.9,-1,8018.851955,1,,,,,,,,,
142,-733.205727,-732.99186,1.90E-06,-3.90E-06,,-1.56E-06,0.00000246,-0.576324,-0.526698,-516.109383,16.65625,17,15.907895,-1,8074.140724,1,,,,,,,,,
143,-783.205727,-782.511879,-2.27E-08,-5.68E-06,,-1.89E-09,0.00000002,-0.61037,-0.565616,-544.228558,16.625,17,15.892105,-1,8129.429571,1,,,,,,,,,
144,-833.205727,-831.881103,-4.92E-08,-5.55E-06,,-8.06E-07,0.00000081,-0.64104,-0.605686,-570.743437,16.65625,16.9375,15.902632,-1,8184.686438,1,,,,,,,,,
145,-883.205727,-881.346008,-6.45E-07,-6.00E-06,,-5.75E-07,0.00000086,-0.673656,-0.646639,-600.141987,16.65625,16.9375,15.907895,-1,8239.975081,1,,,,,,,,,
146,-933.205727,-933.773506,-3.75E-07,-5.57E-06,,-1.33E-08,0.00000038,-0.709877,-0.688205,-628.369469,16.65625,16.9375,15.9,-1,8285.726841,1,,,,,,,,,
147,-983.205727,-984.383484,-1.39E-06,-6.44E-06,,-7.01E-08,0.0000014,-0.744953,-0.730115,-659.900311,16.65625,17,15.9,-1,8331.478381,1,,,,,,,,,
148,-1033.205727,-1032.618286,-9.24E-07,-5.83E-06,,-1.70E-08,0.00000092,-0.774135,-0.772098,-690.029932,16.625,16.9375,15.896053,-1,8367.691972,1,,,,,,,,,
149,-1133.205727,-1135.466644,-2.05E-06,-6.64E-06,,-6.61E-07,0.00000216,-0.841884,-0.855205,-743.377842,16.65625,16.9375,15.897368,-1,8403.920373,1,,,,,,,,,
150,-1233.205727,-1232.002884,-3.54E-06,-7.84E-06,,-6.82E-08,0.00000354,-0.900878,-0.935369,-792.413784,16.65625,17,15.902632,-1,8449.705577,1,,,,,,,,,
151,-1333.205727,-1332.769119,-2.77E-06,-6.77E-06,,2.46E-08,0.00000277,-0.963363,-1.010467,-856.138847,16.65625,17,15.897368,-1,8495.456758,1,,,,,,,,,
152,-1433.205727,-1432.242615,-2.63E-06,-6.33E-06,,1.61E-08,0.00000263,-1.02951,-1.081109,-908.606764,16.625,17,15.894737,-1,8541.223728,1,,,,,,,,,
153,-1533.205727,-1533.285675,-4.03E-06,-7.43E-06,,-1.15E-06,0.00000419,-1.091594,-1.14894,-962.922667,16.625,17,15.898684,-1,8586.975137,1,,,,,,,,,
154,-1633.205727,-1633.041092,-4.01E-06,-7.11E-06,,-1.67E-06,0.00000434,-1.158885,-1.214706,-1019.729628,16.65625,17,15.885526,-1,8632.758041,1,,,,,,,,,
155,-1733.205727,-1733.49115,-5.49E-06,-8.29E-06,,-7.96E-07,0.00000555,-1.226806,-1.279151,-1074.945831,16.59375,17,15.9,-1,8688.080893,1,,,,,,,,,
156,-1833.205727,-1831.779312,-4.16E-06,-6.66E-06,,-4.89E-07,0.00000419,-1.287517,-1.343019,-1132.416172,16.625,17,15.894737,-1,8733.894445,1,,,,,,,,,
157,-1933.205727,-1932.312363,-5.71E-06,-7.91E-06,,1.82E-07,0.00000572,-1.355838,-1.407056,-1190.543123,16.65625,16.9375,15.9,-1,8779.677964,1,,,,,,,,,
158,-2033.205727,-2033.338928,-5.71E-06,-7.61E-06,,-2.18E-07,0.00000571,-1.420555,-1.472007,-1247.438084,16.59375,17,15.897368,-1,8834.982858,1,,,,,,,,,
159,-2283.205727,-2283.797211,-6.22E-06,-7.37E-06,,-8.84E-07,0.00000628,-1.583347,-1.638451,-1391.445625,16.65625,16.9375,15.898684,-1,8890.239182,1,,,,,,,,,
160,-2533.205727,-2531.337891,-6.64E-06,-7.05E-06,,-5.51E-07,0.00000666,-1.742134,-1.805869,-1530.782433,16.625,16.9375,15.905263,-1,8936.006858,1,,,,,,,,,
161,-2783.205727,-2781.827087,-9.00E-06,-8.65E-06,,-1.39E-06,0.0000091,-1.903953,-1.972752,-1669.137709,16.65625,16.9375,15.896053,-1,8981.7736,1,,,,,,,,,
162,-3033.205727,-3033.058533,2.86E-06,3.96E-06,,2.83E-06,0.00000402,-2.067832,-2.138238,-1815.033852,16.59375,16.9375,15.9,-1,9037.078641,1,,,,,,,,,
163,-3283.205727,-3281.173309,-8.65E-06,-6.81E-06,,-7.64E-07,0.00000869,-2.228507,-2.302893,-1951.162067,16.6875,17,15.907895,-1,9082.862021,1,,,,,,,,,
164,-3533.205727,-3534.49469,-1.13E-05,-8.70E-06,,-6.23E-07,0.00001128,-2.392044,-2.467154,-2103.840929,16.65625,17,15.893421,-1,9138.195587,1,,,,,,,,,
165,-3783.205727,-3783.246704,-1.30E-05,-9.65E-06,,3.27E-07,0.00001297,-2.553577,-2.630703,-2232.678738,16.65625,16.9375,15.911842,-1,9193.472464,1,,,,,,,,,
166,-4033.205727,-4031.769562,-1.20E-05,-7.90E-06,,-3.47E-07,0.00001205,-2.716884,-2.793483,-2379.685026,16.625,17,15.913158,-1,9239.224011,1,,,,,,,,,
167,-4533.205727,-4531.687561,-1.18E-05,-6.20E-06,,-1.37E-06,0.00001185,-3.037834,-3.125665,-2662.785685,16.625,17,15.896053,-1,9284.94358,1,,,,,,,,,
168,-5033.205727,-5034.698975,-1.46E-05,-7.50E-06,,-2.56E-07,0.00001465,-3.363475,-3.469097,-2940.883919,16.625,17,15.897368,-1,9340.248752,1,,,,,,,,,
169,-6033.205727,-6034.113098,-1.70E-05,-6.90E-06,,1.29E-07,0.00001701,-4.000797,-4.150717,-3501.778198,16.625,17,15.903947,-1,9395.521347,1,,,,,,,,,
170,-6033.205727,-6033.442139,-1.77E-05,-7.60E-06,,-4.36E-08,0.00001766,-3.996906,-4.150717,-3484.124176,16.65625,17.0625,15.905263,1,9450.842023,1,,,,,,,,,
171,-5033.205727,-5032.217957,-1.43E-05,-7.20E-06,,-5.08E-07,0.00001435,-3.277416,-3.469097,-2873.665958,16.65625,17.0625,15.906579,1,9515.685048,1,,,,,,,,,
172,-4533.205727,-4533.063354,-1.28E-05,-7.20E-06,,-1.13E-06,0.00001286,-2.929801,-3.125665,-2566.291019,16.65625,17.0625,15.905263,1,9580.52735,1,,,,,,,,,
173,-4033.205727,-4032.675201,-1.15E-05,-7.40E-06,,-8.26E-07,0.00001158,-2.588996,-2.793483,-2262.984358,16.6875,17.0625,15.903947,1,9645.402085,1,,,,,,,,,
174,-3783.205727,-3781.988556,-1.24E-05,-9.05E-06,,1.09E-06,0.00001249,-2.413673,-2.630703,-2112.031637,16.6875,17,15.9,1,9710.260096,1,,,,,,,,,
175,-3533.205727,-3533.383301,-1.01E-05,-7.50E-06,,-1.80E-06,0.00001022,-2.243957,-2.467154,-1963.217978,16.6875,17.0625,15.906579,1,9775.150992,1,,,,,,,,,
176,-3283.205727,-3281.963013,-1.01E-05,-8.25E-06,,-1.80E-06,0.00001027,-2.076816,-2.302893,-1822.980869,16.6875,17,15.894737,1,9840.027354,1,,,,,,,,,
177,-3033.205727,-3033.102448,-9.19E-06,-8.09E-06,,-1.79E-06,0.00000936,-1.909847,-2.138238,-1677.30134,16.6875,17.0625,15.896053,1,9904.898889,1,,,,,,,,,
178,-2783.205727,-2782.577759,-7.19E-06,-6.84E-06,,6.82E-08,0.00000719,-1.740589,-1.972752,-1527.194767,16.6875,17.0625,15.902632,1,9969.789248,1,,,,,,,,,
179,-2533.205727,-2532.335968,-7.56E-06,-7.96E-06,,-8.10E-07,0.0000076,-1.573619,-1.805869,-1384.622292,16.6875,17.0625,15.898684,1,10034.66342,1,,,,,,,,,
180,-2283.205727,-2282.068329,-6.80E-06,-7.95E-06,,-1.39E-06,0.00000694,-1.408195,-1.638451,-1236.763086,16.71875,17.0625,15.896053,1,10099.4738,1,,,,,,,,,
181,-2033.205727,-2031.767958,-5.40E-06,-7.30E-06,,0.00E+00,0.0000054,-1.243,-1.472007,-1091.435555,16.6875,17,15.917105,1,10164.32945,1,,,,,,,,,
182,-1933.205727,-1932.166687,-6.74E-06,-8.94E-06,,1.06E-06,0.00000682,-1.171588,-1.407056,-1033.66737,16.6875,17.0625,15.894737,1,10229.23846,1,,,,,,,,,
183,-1833.205727,-1832.165314,-5.82E-06,-8.32E-06,,-1.49E-06,0.00000601,-1.106586,-1.343019,-973.705971,16.6875,17.0625,15.902632,1,10294.08133,1,,,,,,,,,
184,-1733.205727,-1731.58844,-4.11E-06,-6.92E-06,,-1.43E-06,0.00000435,-1.040611,-1.279151,-914.888563,16.6875,17,15.907895,1,10358.92435,1,,,,,,,,,
185,-1633.205727,-1633.708572,-4.52E-06,-7.62E-06,,-2.72E-07,0.00000453,-0.976009,-1.214706,-860.450815,16.65625,17,15.903947,1,10423.81561,1,,,,,,,,,
186,-1533.205727,-1534.736847,-2.46E-06,-5.86E-06,,-3.82E-07,0.00000249,-0.90969,-1.14894,-800.563877,16.6875,17,15.886842,1,10479.12708,1,,,,,,,,,
187,-1433.205727,-1430.972641,-3.98E-06,-7.69E-06,,-2.90E-07,0.00000399,-0.843315,-1.081109,-740.886784,16.65625,17,15.902632,1,10544.01041,1,,,,,,,,,
188,-1333.205727,-1332.277389,-3.09E-06,-7.09E-06,,-1.94E-06,0.00000365,-0.777111,-1.010467,-689.210861,16.6875,17,15.906579,1,10608.83037,1,,,,,,,,,
189,-1233.205727,-1234.36145,-2.04E-06,-6.34E-06,,-5.40E-07,0.00000211,-0.710906,-0.935369,-630.704836,16.6875,17,15.898684,1,10683.28086,1,,,,,,,,,
190,-1133.205727,-1131.840256,-2.21E-06,-6.81E-06,,-2.12E-07,0.00000222,-0.641326,-0.855205,-571.79266,16.6875,17.0625,15.901316,1,10748.15894,1,,,,,,,,,
191,-1033.205727,-1032.367355,-7.86E-08,-4.98E-06,,-3.45E-07,0.00000035,-0.577125,-0.772098,-514.8097,16.65625,17,15.901316,1,10813.0134,1,,,,,,,,,
192,-983.205727,-984.555077,-2.02E-06,-7.07E-06,,-4.73E-08,0.00000202,-0.546512,-0.730115,-484.219774,16.625,17,15.903947,1,10868.31816,1,,,,,,,,,
193,-933.205727,-935.321694,-2.84E-08,-5.22E-06,,-8.94E-07,0.00000089,-0.510978,-0.688205,-455.389835,16.65625,17,15.890789,1,10923.59064,1,,,,,,,,,
194,-883.205727,-884.750763,1.14E-08,-5.33E-06,,-3.98E-08,0.00000004,-0.477619,-0.646639,-427.094662,16.6875,17.0625,15.910526,1,10978.87993,1,,,,,,,,,
195,-833.205727,-834.854538,-1.84E-06,-7.34E-06,,-1.36E-06,0.00000229,-0.444545,-0.605686,-402.062233,16.6875,17.0625,15.888158,1,11034.20137,1,,,,,,,,,
196,-783.205727,-780.926544,-3.41E-08,-5.69E-06,,-2.07E-07,0.00000021,-0.409412,-0.565616,-369.502476,16.6875,17.0625,15.902632,1,11099.09285,1,,,,,,,,,
197,-733.205727,-734.350609,-1.90E-07,-5.99E-06,,-3.52E-07,0.0000004,-0.3796,-0.526698,-342.825136,16.65625,17.0625,15.893421,1,11154.3962,1,,,,,,,,,
198,-683.205727,-685.41436,1.00E-06,-4.94E-06,,-1.69E-06,0.00000197,-0.348014,-0.489199,-322.131752,16.6875,17,15.902632,1,11209.73204,1,,,,,,,,,
199,-633.205727,-635.352058,6.82E-08,-6.03E-06,,-1.33E-06,0.00000133,-0.314369,-0.453181,-279.722837,16.6875,17.0625,15.9,1,11265.04669,1,,,,,,,,,
200,-583.205727,-584.025673,1.86E-06,-4.39E-06,,-3.16E-07,0.00000189,-0.280036,-0.418374,-243.812336,16.6875,17,15.910526,1,11320.34398,1,,,,,,,,,
201,-533.205727,-532.032768,7.63E-07,-5.64E-06,,-9.71E-07,0.00000124,-0.24559,-0.38448,-223.46418,16.625,17,15.886842,1,11385.22228,1,,,,,,,,,
202,-513.205727,-514.295647,5.19E-07,-5.94E-06,,-5.78E-08,0.00000052,-0.235404,-0.371112,-212.003958,16.6875,17.0625,15.902632,1,11440.57064,1,,,,,,,,,
203,-493.205727,-494.532974,1.35E-06,-5.17E-06,,-9.65E-07,0.00000166,-0.220012,-0.357823,-201.234192,16.65625,17.0625,15.914474,1,11495.85967,1,,,,,,,,,
204,-473.205727,-474.085755,2.03E-06,-4.55E-06,,-1.89E-08,0.00000203,-0.207424,-0.344594,-193.104406,16.625,17.0625,15.896053,1,11551.18034,1,,,,,,,,,
205,-453.205727,-454.819298,6.90E-07,-5.95E-06,,-1.64E-06,0.00000178,-0.197067,-0.331406,-169.818426,16.625,17,15.894737,1,11606.45354,1,,,,,,,,,
206,-433.205727,-432.257862,2.01E-06,-4.69E-06,,-2.04E-07,0.00000203,-0.1791,-0.31824,-160.551418,16.65625,17,15.903947,1,11671.32453,1,,,,,,,,,
207,-413.205727,-414.635582,2.23E-06,-4.53E-06,,-9.47E-09,0.00000223,-0.168399,-0.305077,-149.910267,16.625,17,15.893421,1,11726.63916,1,,,,,,,,,
208,-393.205727,-393.256931,1.97E-06,-4.85E-06,,-2.57E-07,0.00000199,-0.155296,-0.291898,-144.312155,16.65625,17,15.901316,1,11781.94544,1,,,,,,,,,
209,-373.205727,-374.54818,2.22E-06,-4.66E-06,,-1.10E-06,0.00000248,-0.141105,-0.278684,-131.437174,16.625,17,15.893421,1,11837.27081,1,,,,,,,,,
210,-353.205727,-353.751209,2.96E-06,-3.98E-06,,-6.53E-08,0.00000296,-0.130004,-0.265416,-127.463665,16.65625,16.9375,15.898684,1,11892.59489,1,,,,,,,,,
211,-333.205727,-334.828148,3.59E-06,-3.41E-06,,-2.91E-07,0.0000036,-0.116615,-0.252074,-109.166571,16.65625,17,15.897368,1,11947.86859,1,,,,,,,,,
212,-313.205727,-314.37299,2.01E-06,-5.05E-06,,-1.40E-07,0.00000202,-0.103626,-0.23864,-102.844156,16.65625,16.9375,15.884211,1,12003.15791,1,,,,,,,,,
213,-293.205727,-291.858841,3.05E-06,-4.07E-06,,-9.94E-08,0.00000305,-0.089149,-0.225094,-83.193226,16.625,17,15.894737,1,12067.96832,1,,,,,,,,,
214,-273.205727,-275.086815,3.02E-06,-4.15E-06,,-2.08E-06,0.00000367,-0.079364,-0.211418,-79.998173,16.65625,17,15.898684,1,12123.29704,1,,,,,,,,,
215,-253.205727,-255.757318,3.26E-06,-3.97E-06,,-1.81E-06,0.00000373,-0.063915,-0.197592,-63.799524,16.625,16.9375,15.902632,1,12178.64422,1,,,,,,,,,
216,-233.205727,-235.525707,3.75E-06,-3.54E-06,,-1.98E-06,0.00000424,-0.049552,-0.183597,-55.229742,16.65625,16.9375,15.894737,1,12233.94741,1,,,,,,,,,
217,-213.205727,-211.843014,4.19E-06,-3.17E-06,,-1.45E-06,0.00000443,-0.035362,-0.169414,-37.420029,16.59375,17,15.905263,1,12279.66659,1,,,,,,,,,
218,-193.205727,-192.440044,4.45E-06,-2.97E-06,,-5.04E-07,0.00000448,-0.018482,-0.155024,-27.354258,16.59375,17,15.901316,1,12354.09451,1,,,,,,,,,
219,-173.205727,-201.153521,2.40E-06,-5.00E-06,,-2.56E-07,0.00000241,-0.034389,-0.140408,-36.946186,16.625,16.9375,15.903947,1,12390.30768,1,,,,,,,,,
220,-153.205727,-138.054163,4.05E-06,-3.54E-06,,-1.15E-07,0.00000405,0.017395,-0.125547,-0.128614,16.625,16.875,15.913158,1,12502.93359,1,,,,,,,,,
221,-133.205727,-134.311813,4.04E-06,-3.56E-06,,-4.73E-09,0.00000404,0.015678,-0.110422,-0.121845,16.59375,16.9375,15.9,1,12577.32821,1,,,,,,,,,
222,-113.205727,-131.364672,4.12E-06,-3.49E-06,,-9.75E-08,0.00000412,-0.01276,-0.094995,0.148922,16.59375,17,15.898684,1,12720.80932,1,,,,,,,,,
223,-93.205727,-94.599833,6.04E-06,-1.68E-06,,-1.26E-06,0.00000617,0.013675,-0.079028,24.017052,16.5625,16.9375,15.901316,1,12805.64165,1,,,,,,,,,
224,-73.205727,-70.90408,4.62E-06,-3.17E-06,,-1.96E-06,0.00000502,0.028495,-0.062555,38.360945,16.59375,17,15.901316,1,12871.37817,1,,,,,,,,,
225,-53.205727,-54.072722,4.73E-06,-3.11E-06,,-1.10E-06,0.00000485,0.041542,-0.045704,44.683359,16.625,16.9375,15.897368,1,12927.59523,1,,,,,,,,,
226,-33.205727,-32.519468,4.06E-06,-3.84E-06,,-9.26E-09,0.00000406,0.059795,-0.028602,58.079567,16.625,17,15.906579,1,12973.35136,1,,,,,,,,,
227,-13.205727,-13.986952,5.06E-06,-2.90E-06,,1.47E-07,0.00000506,0.072441,-0.011378,72.057924,16.5625,16.9375,15.902632,1,13029.56356,1,,,,,,,,,
228,6.794273,8.634324,4.53E-06,-3.50E-06,,-1.90E-06,0.00000491,0.086688,0.005851,85.975359,16.59375,16.9375,15.894737,1,13075.28304,1,,,,,,,,,
229,26.794273,25.543762,5.71E-06,-2.37E-06,,-6.42E-07,0.00000574,0.096187,0.023088,103.697073,16.59375,16.875,15.9,1,13130.57224,1,,,,,,,,,
230,46.794273,45.788488,6.08E-06,-2.06E-06,,1.39E-06,0.00000624,0.11095,0.040242,100.826941,16.59375,16.9375,15.903947,1,13185.87707,0,,,,,,,,,
231,66.794273,66.688304,5.75E-06,-2.45E-06,,-4.45E-08,0.00000575,0.12537,0.057188,116.484055,16.59375,16.9375,15.902632,1,13241.18192,1,,,,,,,,,
232,86.794273,85.059802,6.95E-06,-1.31E-06,,-1.60E-06,0.00000713,0.136299,0.073796,118.690807,16.59375,16.875,15.896053,1,13296.50239,1,,,,,,,,,
233,106.794273,108.222229,7.84E-06,-4.85E-07,,-1.17E-06,0.00000793,0.154266,0.089939,149.104734,16.59375,16.9375,15.906579,1,13342.23858,1,,,,,,,,,
234,126.794273,126.755629,7.29E-06,-1.09E-06,,-3.81E-07,0.0000073,0.166168,0.105514,144.041388,16.59375,16.9375,15.905263,1,13397.51173,1,,,,,,,,,
235,146.794273,148.241066,7.04E-06,-1.40E-06,,-1.13E-06,0.00000713,0.179901,0.120728,166.914448,16.59375,16.875,15.903947,1,13443.2478,1,,,,,,,,,
236,166.794273,168.094271,7.12E-06,-1.38E-06,,-1.58E-07,0.00000712,0.194664,0.135672,179.938351,16.59375,16.9375,15.893421,1,13488.99928,1,,,,,,,,,
237,186.794273,186.957943,6.66E-06,-1.90E-06,,-4.18E-07,0.00000667,0.203647,0.150364,178.029442,16.53125,16.875,15.905263,1,13544.27236,1,,,,,,,,,
238,206.794273,206.265099,8.13E-06,-4.89E-07,,-4.42E-07,0.00000815,0.217266,0.164824,199.474205,16.59375,16.9375,15.898684,1,13599.59354,1,,,,,,,,,
239,226.794273,227.635584,8.86E-06,1.77E-07,,-2.40E-07,0.00000886,0.231399,0.179071,216.410694,16.59375,16.9375,15.898684,1,13645.32911,1,,,,,,,,,
240,246.794273,246.354023,9.81E-06,1.07E-06,,-1.27E-07,0.00000982,0.242214,0.193125,218.475294,16.59375,16.9375,15.897368,1,13700.61796,1,,,,,,,,,
241,266.794273,268.433754,6.37E-06,-2.44E-06,,-2.04E-06,0.00000669,0.258407,0.207003,253.248573,16.59375,17,15.897368,1,13746.36945,1,,,,,,,,,
242,286.794273,285.421879,8.76E-06,-9.63E-08,,-5.68E-09,0.00000876,0.269794,0.220725,252.28735,16.5625,16.875,15.901316,1,13801.65273,1,,,,,,,,,
243,306.794273,307.754436,8.56E-06,-3.63E-07,,2.10E-06,0.00000881,0.28553,0.234311,253.803646,16.625,16.9375,15.892105,1,13847.34575,1,,,,,,,,,
244,326.794273,325.899124,9.07E-06,9.23E-08,,-9.89E-07,0.00000912,0.296688,0.247779,261.006054,16.625,16.875,15.888158,1,13902.65036,1,,,,,,,,,
245,346.794273,347.777042,1.08E-05,1.76E-06,,6.07E-07,0.00001082,0.31042,0.261148,290.215067,16.5625,16.875,15.9,1,13948.38632,1,,,,,,,,,
246,366.794273,367.799053,1.00E-05,8.97E-07,,-1.26E-06,0.00001012,0.324954,0.274438,288.319696,16.59375,16.9375,15.902632,1,13994.13755,1,,,,,,,,,
247,386.794273,388.691807,1.02E-05,1.03E-06,,-4.61E-07,0.00001017,0.33863,0.287667,307.300478,16.5625,16.875,15.897368,1,14039.87261,1,,,,,,,,,
248,406.794273,405.601867,9.87E-06,6.53E-07,,-1.33E-06,0.00000996,0.346584,0.300855,311.510908,16.59375,16.875,15.9,1,14095.14657,1,,,,,,,,,
249,426.794273,427.98494,1.06E-05,1.32E-06,,-5.96E-08,0.00001056,0.364379,0.314021,318.327473,16.59375,16.875,15.906579,1,14140.88125,1,,,,,,,,,
250,446.794273,447.384022,1.08E-05,1.46E-06,,-4.92E-07,0.00001078,0.376396,0.327184,328.366167,16.5625,16.9375,15.907895,1,14205.7399,1,,,,,,,,,
251,466.794273,469.254498,1.15E-05,2.09E-06,,2.66E-07,0.00001146,0.389957,0.340363,363.004063,16.625,16.9375,15.898684,1,14251.50783,1,,,,,,,,,
252,516.794273,516.43766,1.26E-05,3.05E-06,,-7.03E-07,0.00001261,0.420112,0.373504,378.850714,16.625,16.9375,15.906579,1,14306.82924,1,,,,,,,,,
253,566.794273,565.458023,1.30E-05,3.30E-06,,-1.15E-06,0.00001304,0.45124,0.407163,404.783443,16.625,16.9375,15.893421,1,14362.13343,1,,,,,,,,,
254,616.794273,616.945885,1.57E-05,5.85E-06,,-3.54E-07,0.00001569,0.488605,0.441637,434.432453,16.65625,16.9375,15.913158,1,14407.88496,1,,,,,,,,,
255,666.794273,669.330101,7.70E-06,-2.31E-06,,3.00E-06,0.00000826,0.519733,0.477225,461.258715,16.59375,16.9375,15.906579,1,14453.63643,1,,,,,,,,,
256,716.794273,717.734161,1.05E-05,3.47E-07,,-1.92E-06,0.0000107,0.549201,0.514221,492.484943,16.5625,16.875,15.902632,1,14499.37258,1,,,,,,,,,
257,766.794273,768.032516,1.64E-05,6.10E-06,,1.21E-06,0.00001643,0.58525,0.552701,518.160444,16.5625,16.875,15.901316,1,14545.12428,1,,,,,,,,,
258,816.794273,816.538185,1.50E-05,4.55E-06,,4.54E-07,0.00001498,0.61861,0.592423,551.620502,16.59375,16.875,15.890789,1,14590.89062,1,,,,,,,,,
259,866.794273,868.858734,1.61E-05,5.49E-06,,4.47E-07,0.00001615,0.651912,0.633116,574.446178,16.59375,16.9375,15.910526,1,14636.64279,1,,,,,,,,,
260,916.794273,917.957169,1.52E-05,4.45E-06,,-1.02E-06,0.00001528,0.684871,0.674511,601.123518,16.59375,16.9375,15.909211,1,14682.37803,1,,,,,,,,,
261,966.794273,969.273033,1.72E-05,6.29E-06,,-1.26E-07,0.00001718,0.716857,0.716338,641.792753,16.5625,16.875,15.905263,1,14709.00635,1,,,,,,,,,
262,1066.794273,1066.999863,1.83E-05,7.10E-06,,-1.67E-06,0.00001841,0.778827,0.800207,687.613335,16.59375,16.875,15.903947,1,14754.75783,1,,,,,,,,,
263,1166.794273,1166.092896,1.87E-05,7.20E-06,,2.65E-07,0.00001868,0.84217,0.882566,741.699085,16.5625,16.875,15.911842,1,14800.50908,1,,,,,,,,,
264,1266.794273,1265.06636,1.99E-05,8.10E-06,,-7.13E-07,0.00001992,0.901336,0.961257,799.426655,16.59375,16.9375,15.906579,1,14846.2444,1,,,,,,,,,
265,1366.794273,1368.637253,1.82E-05,6.09E-06,,3.01E-06,0.00001845,0.969772,1.034554,851.996109,16.59375,16.875,15.909211,1,14901.54916,1,,,,,,,,,
266,1466.794273,1464.62439,2.06E-05,8.21E-06,,2.08E-06,0.00002067,1.027278,1.104169,906.32555,16.5625,16.9375,15.894737,1,14947.31696,1,,,,,,,,,
267,1566.794273,1565.771485,1.90E-05,6.30E-06,,-3.01E-06,0.00001924,1.092796,1.171224,961.067911,16.59375,16.875,15.898684,1,15012.12678,1,,,,,,,,,
268,1666.794273,1665.460159,2.06E-05,7.60E-06,,1.64E-06,0.00002067,1.158142,1.236463,1024.25144,16.625,16.9375,15.897368,1,15057.87852,1,,,,,,,,,
269,1766.794273,1768.220612,1.99E-05,6.60E-06,,1.23E-06,0.00001999,1.221256,1.300631,1073.375381,16.59375,16.9375,15.905263,1,15113.19925,1,,,,,,,,,
270,1866.794273,1864.76503,1.98E-05,6.21E-06,,-1.86E-06,0.00001989,1.287918,1.364473,1132.93063,16.59375,16.9375,15.902632,1,15158.96695,1,,,,,,,,,
271,1966.794273,1968.019165,1.99E-05,6.00E-06,,-3.68E-07,0.00001987,1.352748,1.428733,1190.847736,16.59375,16.9375,15.898684,1,15214.25564,1,,,,,,,,,
272,2216.794273,2216.706177,2.33E-05,8.65E-06,,-5.30E-07,0.00002327,1.51411,1.594062,1331.585764,16.59375,16.875,15.901316,1,15269.54459,1,,,,,,,,,
273,2466.794273,2468.357483,2.39E-05,8.49E-06,,-2.34E-06,0.00002402,1.679077,1.761391,1468.86474,16.59375,16.9375,15.894737,1,15324.86512,1,,,,,,,,,
274,2716.794273,2717.117676,2.23E-05,6.15E-06,,-1.07E-06,0.00002232,1.837291,1.928549,1607.991703,16.59375,16.9375,15.901316,1,15380.12273,1,,,,,,,,,
275,2966.794273,2967.695648,2.46E-05,7.70E-06,,-7.11E-07,0.0000246,1.997051,2.094378,1757.583818,16.53125,16.9375,15.898684,1,15435.41181,1,,,,,,,,,
276,3216.794273,3217.892303,2.76E-05,9.95E-06,,3.43E-06,0.00002781,2.158927,2.259209,1883.903492,16.59375,16.875,15.898684,1,15490.73297,1,,,,,,,,,
277,3466.794273,3467.678009,2.63E-05,7.90E-06,,2.10E-06,0.00002637,2.320861,2.423533,2027.125809,16.59375,16.9375,15.9,1,15546.00504,1,,,,,,,,,
278,3716.794273,3717.285797,2.73E-05,8.15E-06,,1.78E-07,0.00002731,2.484626,2.58742,2179.31052,16.59375,16.9375,15.898684,1,15601.27807,1,,,,,,,,,
279,3966.794273,3967.575317,2.75E-05,7.60E-06,,-1.30E-07,0.00002752,2.644672,2.750188,2308.737247,16.59375,16.9375,15.894737,1,15656.58342,1,,,,,,,,,
280,4466.794273,4468.879883,2.79E-05,6.49E-06,,-1.39E-06,0.00002791,2.963218,3.080726,2601.619371,16.59375,16.9375,15.917105,1,15711.88843,1,,,,,,,,,
281,4966.794273,4968.598877,2.96E-05,6.69E-06,,3.92E-06,0.00002986,3.285255,3.423167,2876.928703,16.59375,17,15.886842,1,15767.19396,1,,,,,,,,,
282,5966.794273,5965.494568,3.40E-05,8.10E-06,,2.22E-06,0.00003409,3.919544,4.106504,3421.732641,16.59375,16.9375,15.906579,1,15832.05245,1,,,,,,,,,
